Issue Type,Summary,Epic Name,Epic Link,Description,Priority,Labels,Fix Version,Sprint,Story Points,Issue Id,Parent Id
Epic,[L1] Platform Foundation & Infrastructure,[L1] Platform Foundation & Infrastructure,,"Platform Foundation & Infrastructure. Level 1 launch-core epic for Prime Wrist BD. 8 tasks, 28 story points.",Highest,level-1 launch nextjs,1.0 - Launch,Sprint 1 - Foundation,,PWBD-L1-E01,
Task,PWBD-L1-E01-01 | Repository & Toolchain Setup,,[L1] Platform Foundation & Infrastructure,"Monorepo, TypeScript strict config, ESLint/Prettier, commit hooks, branch protection.",Highest,level-1 launch nextjs,1.0 - Launch,Sprint 1 - Foundation,3,PWBD-L1-E01-01,PWBD-L1-E01
Task,PWBD-L1-E01-02 | Next.js Application Scaffold,,[L1] Platform Foundation & Infrastructure,"App Router project, routing shell, layout primitives, environment config, image loader.",Highest,level-1 launch nextjs,1.0 - Launch,Sprint 1 - Foundation,3,PWBD-L1-E01-02,PWBD-L1-E01
Task,PWBD-L1-E01-03 | Database Schema & ORM,,[L1] Platform Foundation & Infrastructure,"Postgres + Prisma. Core entities: user, product, variant, inventory, cart, order, payment, shipment.",Highest,level-1 launch nextjs,1.0 - Launch,Sprint 1 - Foundation,5,PWBD-L1-E01-03,PWBD-L1-E01
Task,PWBD-L1-E01-04 | Secrets & Environment Management,,[L1] Platform Foundation & Infrastructure,Separate dev/staging/prod secrets. No gateway keys in the repo. Rotation procedure documented.,Highest,level-1 launch nextjs,1.0 - Launch,Sprint 1 - Foundation,2,PWBD-L1-E01-04,PWBD-L1-E01
Task,PWBD-L1-E01-05 | CI/CD Pipeline & Staging Environment,,[L1] Platform Foundation & Infrastructure,"Automated build, typecheck, test, and preview deploys. Staging mirrors prod config.",Highest,level-1 launch nextjs,1.0 - Launch,Sprint 1 - Foundation,5,PWBD-L1-E01-05,PWBD-L1-E01
Task,"PWBD-L1-E01-06 | Hosting, DNS & CDN Provisioning",,[L1] Platform Foundation & Infrastructure,"Production hosting, primeswristbd domain, TLS certificate, CDN in front of static assets.",Highest,level-1 launch nextjs,1.0 - Launch,Sprint 1 - Foundation,3,PWBD-L1-E01-06,PWBD-L1-E01
Task,PWBD-L1-E01-07 | Error & Uptime Monitoring,,[L1] Platform Foundation & Infrastructure,"Sentry for server + client exceptions, uptime check on the checkout route specifically.",Highest,level-1 launch nextjs,1.0 - Launch,Sprint 1 - Foundation,2,PWBD-L1-E01-07,PWBD-L1-E01
Task,PWBD-L1-E01-08 | Design System Baseline,,[L1] Platform Foundation & Infrastructure,"Typography scale, colour tokens, spacing, button/input/card primitives. Prevents Level 2 rework.",Highest,level-1 launch nextjs,1.0 - Launch,Sprint 1 - Foundation,5,PWBD-L1-E01-08,PWBD-L1-E01
Epic,[L1] Identity & Access,[L1] Identity & Access,,"Identity & Access. Level 1 launch-core epic for Prime Wrist BD. 5 tasks, 19 story points.",Highest,level-1 launch nextjs,1.0 - Launch,Sprint 2 - Identity & Catalog Model,,PWBD-L1-E02,
Task,PWBD-L1-E02-01 | Email & Password Authentication,,[L1] Identity & Access,"Signup, login, hashed credentials, session handling via secure httpOnly cookies.",Highest,level-1 launch nextjs,1.0 - Launch,Sprint 2 - Identity & Catalog Model,5,PWBD-L1-E02-01,PWBD-L1-E02
Task,PWBD-L1-E02-02 | Phone Number + OTP Login,,[L1] Identity & Access,SMS OTP via a BD-capable provider. Phone is the primary identity for most Bangladeshi buyers.,Highest,level-1 launch nextjs,1.0 - Launch,Sprint 2 - Identity & Catalog Model,5,PWBD-L1-E02-02,PWBD-L1-E02
Task,PWBD-L1-E02-03 | Password Recovery,,[L1] Identity & Access,"Tokenised reset link with expiry, plus OTP fallback for phone-first accounts.",Highest,level-1 launch nextjs,1.0 - Launch,Sprint 2 - Identity & Catalog Model,3,PWBD-L1-E02-03,PWBD-L1-E02
Task,PWBD-L1-E02-04 | Guest Checkout,,[L1] Identity & Access,"Purchase without account creation, with optional post-purchase account claim.",Highest,level-1 launch nextjs,1.0 - Launch,Sprint 2 - Identity & Catalog Model,3,PWBD-L1-E02-04,PWBD-L1-E02
Task,PWBD-L1-E02-05 | Account Dashboard,,[L1] Identity & Access,"Profile, saved addresses, order history entry point.",Highest,level-1 launch nextjs,1.0 - Launch,Sprint 2 - Identity & Catalog Model,3,PWBD-L1-E02-05,PWBD-L1-E02
Epic,[L1] Watch Catalog Data Model,[L1] Watch Catalog Data Model,,"Watch Catalog Data Model. Level 1 launch-core epic for Prime Wrist BD. 6 tasks, 24 story points.",Highest,level-1 launch nextjs,1.0 - Launch,Sprint 2 - Identity & Catalog Model,,PWBD-L1-E03,
Task,PWBD-L1-E03-01 | Product & Variant Schema,,[L1] Watch Catalog Data Model,"Product with variants on strap/dial/case where applicable; SKU, price, compare-at price, stock.",Highest,level-1 launch nextjs,1.0 - Launch,Sprint 2 - Identity & Catalog Model,5,PWBD-L1-E03-01,PWBD-L1-E03
Task,PWBD-L1-E03-02 | Watch Attribute Taxonomy,,[L1] Watch Catalog Data Model,"Structured specs: brand, movement (automatic/quartz/solar), case diameter, case material, dial colour, crystal, strap material, water resistance rating, warranty term.",Highest,level-1 launch nextjs,1.0 - Launch,Sprint 2 - Identity & Catalog Model,5,PWBD-L1-E03-02,PWBD-L1-E03
Task,PWBD-L1-E03-03 | Brand & Collection Management,,[L1] Watch Catalog Data Model,"Brand entities with logo, description, and country of origin; collections for merchandising.",Highest,level-1 launch nextjs,1.0 - Launch,Sprint 2 - Identity & Catalog Model,3,PWBD-L1-E03-03,PWBD-L1-E03
Task,PWBD-L1-E03-04 | Media Pipeline,,[L1] Watch Catalog Data Model,"Multi-angle image upload, ordering, responsive renditions, WebP/AVIF output. Watches sell on imagery.",Highest,level-1 launch nextjs,1.0 - Launch,Sprint 2 - Identity & Catalog Model,5,PWBD-L1-E03-04,PWBD-L1-E03
Task,PWBD-L1-E03-05 | Inventory Model,,[L1] Watch Catalog Data Model,"Stock per variant, reservation on order placement, oversell prevention.",Highest,level-1 launch nextjs,1.0 - Launch,Sprint 2 - Identity & Catalog Model,3,PWBD-L1-E03-05,PWBD-L1-E03
Task,PWBD-L1-E03-06 | Authenticity & Warranty Data,,[L1] Watch Catalog Data Model,"Per-product warranty term, authorised-dealer flag, and serial/box-papers indicator. Central trust lever in watch retail.",Highest,level-1 launch nextjs,1.0 - Launch,Sprint 2 - Identity & Catalog Model,3,PWBD-L1-E03-06,PWBD-L1-E03
Epic,[L1] Storefront Catalog Experience,[L1] Storefront Catalog Experience,,"Storefront Catalog Experience. Level 1 launch-core epic for Prime Wrist BD. 6 tasks, 26 story points.",Highest,level-1 launch nextjs,1.0 - Launch,Sprint 3 - Storefront,,PWBD-L1-E04,
Task,PWBD-L1-E04-01 | Homepage,,[L1] Storefront Catalog Experience,"Hero, featured collections, new arrivals, brand strip, trust bar.",Highest,level-1 launch nextjs,1.0 - Launch,Sprint 3 - Storefront,5,PWBD-L1-E04-01,PWBD-L1-E04
Task,PWBD-L1-E04-02 | Product Listing Pages,,[L1] Storefront Catalog Experience,"Brand, category, and collection listings with pagination and consistent card component.",Highest,level-1 launch nextjs,1.0 - Launch,Sprint 3 - Storefront,5,PWBD-L1-E04-02,PWBD-L1-E04
Task,PWBD-L1-E04-03 | Product Detail Page,,[L1] Storefront Catalog Experience,"Gallery, price, variant selector, stock state, full specification table, warranty and authenticity block, add to cart.",Highest,level-1 launch nextjs,1.0 - Launch,Sprint 3 - Storefront,8,PWBD-L1-E04-03,PWBD-L1-E04
Task,PWBD-L1-E04-04 | Image Zoom & Gallery,,[L1] Storefront Catalog Experience,Hover/pinch zoom and lightbox across multi-angle shots. Direct conversion driver for watches.,Highest,level-1 launch nextjs,1.0 - Launch,Sprint 3 - Storefront,3,PWBD-L1-E04-04,PWBD-L1-E04
Task,PWBD-L1-E04-05 | Strap & Wrist Size Guide,,[L1] Storefront Catalog Experience,Case diameter to wrist size guidance and strap length reference. Cuts sizing-related returns.,Highest,level-1 launch nextjs,1.0 - Launch,Sprint 3 - Storefront,3,PWBD-L1-E04-05,PWBD-L1-E04
Task,PWBD-L1-E04-06 | Static Content Pages,,[L1] Storefront Catalog Experience,"About, authenticity policy, warranty, service and care.",Highest,level-1 launch nextjs,1.0 - Launch,Sprint 3 - Storefront,2,PWBD-L1-E04-06,PWBD-L1-E04
Epic,[L1] Product Discovery,[L1] Product Discovery,,"Product Discovery. Level 1 launch-core epic for Prime Wrist BD. 4 tasks, 15 story points.",High,level-1 launch nextjs,1.0 - Launch,Sprint 3 - Storefront,,PWBD-L1-E05,
Task,PWBD-L1-E05-01 | Keyword Search,,[L1] Product Discovery,"Postgres full-text search over title, brand, and specs with basic ranking.",High,level-1 launch nextjs,1.0 - Launch,Sprint 3 - Storefront,5,PWBD-L1-E05-01,PWBD-L1-E05
Task,PWBD-L1-E05-02 | Attribute Filtering,,[L1] Product Discovery,"Filter by brand, price range, movement type, case size band, and stock availability.",High,level-1 launch nextjs,1.0 - Launch,Sprint 3 - Storefront,5,PWBD-L1-E05-02,PWBD-L1-E05
Task,PWBD-L1-E05-03 | Sorting,,[L1] Product Discovery,"Price ascending/descending, newest, and popularity.",High,level-1 launch nextjs,1.0 - Launch,Sprint 3 - Storefront,2,PWBD-L1-E05-03,PWBD-L1-E05
Task,PWBD-L1-E05-04 | Pagination & URL State,,[L1] Product Discovery,"Shareable, indexable filtered URLs with correct canonical handling.",High,level-1 launch nextjs,1.0 - Launch,Sprint 3 - Storefront,3,PWBD-L1-E05-04,PWBD-L1-E05
Epic,"[L1] Cart, Currency & Shipping Rules","[L1] Cart, Currency & Shipping Rules",,"Cart, Currency & Shipping Rules. Level 1 launch-core epic for Prime Wrist BD. 5 tasks, 21 story points.",Highest,level-1 launch nextjs,1.0 - Launch,Sprint 4 - Cart & Checkout,,PWBD-L1-E06,
Task,PWBD-L1-E06-01 | Shopping Cart,,"[L1] Cart, Currency & Shipping Rules","Server-persisted for logged-in users, cookie-based for guests. Quantity edit, remove, live subtotal.",Highest,level-1 launch nextjs,1.0 - Launch,Sprint 4 - Cart & Checkout,5,PWBD-L1-E06-01,PWBD-L1-E06
Task,PWBD-L1-E06-02 | Dual Currency (BDT / USD),,"[L1] Cart, Currency & Shipping Rules","BDT default with USD display for international visitors. FX source, refresh cadence, and rounding rules defined explicitly.",Highest,level-1 launch nextjs,1.0 - Launch,Sprint 4 - Cart & Checkout,5,PWBD-L1-E06-02,PWBD-L1-E06
Task,PWBD-L1-E06-03 | Domestic Shipping Rules,,"[L1] Cart, Currency & Shipping Rules","Inside Dhaka / outside Dhaka rate bands, free-shipping threshold, and delivery estimate.",Highest,level-1 launch nextjs,1.0 - Launch,Sprint 4 - Cart & Checkout,3,PWBD-L1-E06-03,PWBD-L1-E06
Task,PWBD-L1-E06-04 | International Shipping Rules,,"[L1] Cart, Currency & Shipping Rules","Zone-based rates, weight bands, and a clear duties-and-taxes disclaimer at checkout.",Highest,level-1 launch nextjs,1.0 - Launch,Sprint 4 - Cart & Checkout,5,PWBD-L1-E06-04,PWBD-L1-E06
Task,PWBD-L1-E06-05 | VAT & Tax Configuration,,"[L1] Cart, Currency & Shipping Rules",Bangladesh VAT handling and tax-inclusive vs exclusive display rules.,Highest,level-1 launch nextjs,1.0 - Launch,Sprint 4 - Cart & Checkout,3,PWBD-L1-E06-05,PWBD-L1-E06
Epic,[L1] Checkout & Payments,[L1] Checkout & Payments,,"Checkout & Payments. Level 1 launch-core epic for Prime Wrist BD. 9 tasks, 50 story points.",Highest,level-1 launch nextjs,1.0 - Launch,Sprint 4 - Cart & Checkout,,PWBD-L1-E07,
Task,PWBD-L1-E07-01 | Checkout Flow,,[L1] Checkout & Payments,"Address capture with Division / District / Upazila-Thana cascading selects, contact details, order review.",Highest,level-1 launch nextjs,1.0 - Launch,Sprint 4 - Cart & Checkout,8,PWBD-L1-E07-01,PWBD-L1-E07
Task,PWBD-L1-E07-02 | SSLCommerz Integration,,[L1] Checkout & Payments,Cards plus mobile banking rails in a single BD gateway. Sandbox and production credentials.,Highest,level-1 launch nextjs,1.0 - Launch,Sprint 4 - Cart & Checkout,8,PWBD-L1-E07-02,PWBD-L1-E07
Task,PWBD-L1-E07-03 | bKash Direct Integration,,[L1] Checkout & Payments,Native bKash checkout as a distinct path; the dominant BD wallet and worth its own flow.,Highest,level-1 launch nextjs,1.0 - Launch,Sprint 4 - Cart & Checkout,5,PWBD-L1-E07-03,PWBD-L1-E07
Task,PWBD-L1-E07-04 | Stripe Integration (International),,[L1] Checkout & Payments,Card processing for overseas buyers with 3D Secure.,Highest,level-1 launch nextjs,1.0 - Launch,Sprint 4 - Cart & Checkout,5,PWBD-L1-E07-04,PWBD-L1-E07
Task,PWBD-L1-E07-05 | PayPal Integration (International),,[L1] Checkout & Payments,Alternative international method for markets where card trust is lower.,Highest,level-1 launch nextjs,1.0 - Launch,Sprint 4 - Cart & Checkout,3,PWBD-L1-E07-05,PWBD-L1-E07
Task,PWBD-L1-E07-06 | Cash on Delivery Flow,,[L1] Checkout & Payments,"COD as a first-class payment method with eligibility rules by order value, location, and customer history.",Highest,level-1 launch nextjs,1.0 - Launch,Sprint 4 - Cart & Checkout,5,PWBD-L1-E07-06,PWBD-L1-E07
Task,PWBD-L1-E07-07 | COD Risk & Advance Rules,,[L1] Checkout & Payments,"Partial advance requirement above a value threshold, and a blocklist for repeat refusers. COD refusal is the largest margin leak in BD e-commerce.",Highest,level-1 launch nextjs,1.0 - Launch,Sprint 4 - Cart & Checkout,5,PWBD-L1-E07-07,PWBD-L1-E07
Task,PWBD-L1-E07-08 | Payment Webhooks & Reconciliation,,[L1] Checkout & Payments,"Idempotent webhook handling, signature verification, and a daily settlement reconciliation report.",Highest,level-1 launch nextjs,1.0 - Launch,Sprint 4 - Cart & Checkout,8,PWBD-L1-E07-08,PWBD-L1-E07
Task,PWBD-L1-E07-09 | Order Confirmation & Receipt,,[L1] Checkout & Payments,On-screen confirmation plus emailed and SMS receipt with order number and line items.,Highest,level-1 launch nextjs,1.0 - Launch,Sprint 4 - Cart & Checkout,3,PWBD-L1-E07-09,PWBD-L1-E07
Epic,[L1] Order Management & Fulfilment,[L1] Order Management & Fulfilment,,"Order Management & Fulfilment. Level 1 launch-core epic for Prime Wrist BD. 7 tasks, 37 story points.",Highest,level-1 launch nextjs,1.0 - Launch,Sprint 5 - Fulfilment & Admin,,PWBD-L1-E08,
Task,PWBD-L1-E08-01 | Admin Order Dashboard,,[L1] Order Management & Fulfilment,"Order list, filters, detail view, and status transitions: pending, confirmed, packed, shipped, delivered, returned, cancelled.",Highest,level-1 launch nextjs,1.0 - Launch,Sprint 5 - Fulfilment & Admin,8,PWBD-L1-E08-01,PWBD-L1-E08
Task,PWBD-L1-E08-02 | COD Confirmation Workflow,,[L1] Order Management & Fulfilment,Call-to-confirm queue with outcome logging before an order is released to a courier.,Highest,level-1 launch nextjs,1.0 - Launch,Sprint 5 - Fulfilment & Admin,5,PWBD-L1-E08-02,PWBD-L1-E08
Task,PWBD-L1-E08-03 | Domestic Courier Integration,,[L1] Order Management & Fulfilment,"Pathao, Steadfast, or RedX API for consignment creation, label printing, and status sync.",Highest,level-1 launch nextjs,1.0 - Launch,Sprint 5 - Fulfilment & Admin,8,PWBD-L1-E08-03,PWBD-L1-E08
Task,PWBD-L1-E08-04 | International Shipping & Customs Docs,,[L1] Order Management & Fulfilment,DHL or FedEx booking with commercial invoice and HS code capture.,Highest,level-1 launch nextjs,1.0 - Launch,Sprint 5 - Fulfilment & Admin,5,PWBD-L1-E08-04,PWBD-L1-E08
Task,PWBD-L1-E08-05 | Transactional Email Notifications,,[L1] Order Management & Fulfilment,"Order placed, confirmed, shipped, delivered, cancelled.",Highest,level-1 launch nextjs,1.0 - Launch,Sprint 5 - Fulfilment & Admin,3,PWBD-L1-E08-05,PWBD-L1-E08
Task,PWBD-L1-E08-06 | SMS Notifications,,[L1] Order Management & Fulfilment,Order and delivery SMS. Higher open rate than email in this market.,Highest,level-1 launch nextjs,1.0 - Launch,Sprint 5 - Fulfilment & Admin,3,PWBD-L1-E08-06,PWBD-L1-E08
Task,PWBD-L1-E08-07 | Returns & Refunds (Basic),,[L1] Order Management & Fulfilment,"Return request capture, admin approval, and refund execution across each payment method including COD.",Highest,level-1 launch nextjs,1.0 - Launch,Sprint 5 - Fulfilment & Admin,5,PWBD-L1-E08-07,PWBD-L1-E08
Epic,[L1] Store Administration,[L1] Store Administration,,"Store Administration. Level 1 launch-core epic for Prime Wrist BD. 4 tasks, 21 story points.",High,level-1 launch nextjs,1.0 - Launch,Sprint 5 - Fulfilment & Admin,,PWBD-L1-E09,
Task,PWBD-L1-E09-01 | Admin Authentication & Roles,,[L1] Store Administration,"Separate admin login with owner, manager, and fulfilment roles. MFA on owner accounts.",High,level-1 launch nextjs,1.0 - Launch,Sprint 5 - Fulfilment & Admin,5,PWBD-L1-E09-01,PWBD-L1-E09
Task,PWBD-L1-E09-02 | Product Management CRUD,,[L1] Store Administration,"Create, edit, archive products, variants, specs, and media without developer involvement.",High,level-1 launch nextjs,1.0 - Launch,Sprint 5 - Fulfilment & Admin,8,PWBD-L1-E09-02,PWBD-L1-E09
Task,PWBD-L1-E09-03 | Inventory Adjustments,,[L1] Store Administration,Manual stock corrections with an audit trail of who changed what.,High,level-1 launch nextjs,1.0 - Launch,Sprint 5 - Fulfilment & Admin,3,PWBD-L1-E09-03,PWBD-L1-E09
Task,PWBD-L1-E09-04 | Order & Sales Reporting,,[L1] Store Administration,"Daily orders, revenue, COD vs prepaid split, and top products.",High,level-1 launch nextjs,1.0 - Launch,Sprint 5 - Fulfilment & Admin,5,PWBD-L1-E09-04,PWBD-L1-E09
Epic,"[L1] Trust, Legal & Compliance","[L1] Trust, Legal & Compliance",,"Trust, Legal & Compliance. Level 1 launch-core epic for Prime Wrist BD. 6 tasks, 17 story points.",Highest,level-1 launch nextjs,1.0 - Launch,Sprint 6 - Trust & Launch,,PWBD-L1-E10,
Task,PWBD-L1-E10-01 | Contact Visibility,,"[L1] Trust, Legal & Compliance","Physical address, phone, WhatsApp, and email in header and footer. A documented trust signal, and doubly so for high-value watch purchases.",Highest,level-1 launch nextjs,1.0 - Launch,Sprint 6 - Trust & Launch,2,PWBD-L1-E10-01,PWBD-L1-E10
Task,PWBD-L1-E10-02 | Legal Pages,,"[L1] Trust, Legal & Compliance","Terms & Conditions, Privacy Policy, Refund & Cancellation Policy, Warranty Policy, Shipping Policy.",Highest,level-1 launch nextjs,1.0 - Launch,Sprint 6 - Trust & Launch,3,PWBD-L1-E10-02,PWBD-L1-E10
Task,PWBD-L1-E10-03 | HTTPS / TLS Hardening,,"[L1] Trust, Legal & Compliance","Forced HTTPS, HSTS, secure cookie flags, and security headers.",Highest,level-1 launch nextjs,1.0 - Launch,Sprint 6 - Trust & Launch,3,PWBD-L1-E10-03,PWBD-L1-E10
Task,PWBD-L1-E10-04 | PCI DSS SAQ-A Posture,,"[L1] Trust, Legal & Compliance",All card entry hosted or redirected to the gateway so card data never reaches Prime Wrist BD servers.,Highest,level-1 launch nextjs,1.0 - Launch,Sprint 6 - Trust & Launch,3,PWBD-L1-E10-04,PWBD-L1-E10
Task,PWBD-L1-E10-05 | Cookie & Consent Banner,,"[L1] Trust, Legal & Compliance","Consent capture sized for international visitors under GDPR, not only domestic traffic.",Highest,level-1 launch nextjs,1.0 - Launch,Sprint 6 - Trust & Launch,3,PWBD-L1-E10-05,PWBD-L1-E10
Task,PWBD-L1-E10-06 | Authenticity Guarantee Page,,"[L1] Trust, Legal & Compliance","Explicit sourcing, warranty, and counterfeit policy. The single highest-leverage trust asset for an online watch retailer.",Highest,level-1 launch nextjs,1.0 - Launch,Sprint 6 - Trust & Launch,3,PWBD-L1-E10-06,PWBD-L1-E10
Epic,"[L1] Quality, Telemetry & Launch","[L1] Quality, Telemetry & Launch",,"Quality, Telemetry & Launch. Level 1 launch-core epic for Prime Wrist BD. 8 tasks, 42 story points.",Highest,level-1 launch nextjs,1.0 - Launch,Sprint 6 - Trust & Launch,,PWBD-L1-E11,
Task,PWBD-L1-E11-01 | Form Validation & Error Handling,,"[L1] Quality, Telemetry & Launch","Schema-level validation with graceful, specific errors across signup, address, and checkout.",Highest,level-1 launch nextjs,1.0 - Launch,Sprint 6 - Trust & Launch,5,PWBD-L1-E11-01,PWBD-L1-E11
Task,PWBD-L1-E11-02 | Mobile-First Responsive Build,,"[L1] Quality, Telemetry & Launch","Tap-friendly targets and tested layouts on low-end Android, which dominates BD traffic.",Highest,level-1 launch nextjs,1.0 - Launch,Sprint 6 - Trust & Launch,8,PWBD-L1-E11-02,PWBD-L1-E11
Task,PWBD-L1-E11-03 | Performance Budget,,"[L1] Quality, Telemetry & Launch","LCP, INP, and CLS thresholds enforced in CI, with image weight caps on the PDP gallery.",Highest,level-1 launch nextjs,1.0 - Launch,Sprint 6 - Trust & Launch,5,PWBD-L1-E11-03,PWBD-L1-E11
Task,PWBD-L1-E11-04 | GA4 & Commerce Event Tracking,,"[L1] Quality, Telemetry & Launch","Full funnel: view_item, add_to_cart, begin_checkout, purchase, with payment method as a dimension.",Highest,level-1 launch nextjs,1.0 - Launch,Sprint 6 - Trust & Launch,5,PWBD-L1-E11-04,PWBD-L1-E11
Task,PWBD-L1-E11-05 | SEO Baseline,,"[L1] Quality, Telemetry & Launch","Metadata, Product and Offer schema, XML sitemap, robots.txt, canonical rules.",Highest,level-1 launch nextjs,1.0 - Launch,Sprint 6 - Trust & Launch,5,PWBD-L1-E11-05,PWBD-L1-E11
Task,PWBD-L1-E11-06 | Accessibility Smoke Pass,,"[L1] Quality, Telemetry & Launch","Contrast, focus states, and keyboard path through the checkout. Cheap now, expensive at Level 2.",Highest,level-1 launch nextjs,1.0 - Launch,Sprint 6 - Trust & Launch,3,PWBD-L1-E11-06,PWBD-L1-E11
Task,PWBD-L1-E11-07 | Pre-Launch QA & UAT,,"[L1] Quality, Telemetry & Launch",Full transaction-loop test across every payment method including a live low-value COD and a live card order.,Highest,level-1 launch nextjs,1.0 - Launch,Sprint 6 - Trust & Launch,8,PWBD-L1-E11-07,PWBD-L1-E11
Task,PWBD-L1-E11-08 | Launch Runbook & Rollback Plan,,"[L1] Quality, Telemetry & Launch","Go-live sequence, DNS cutover, smoke tests, and a documented rollback trigger.",Highest,level-1 launch nextjs,1.0 - Launch,Sprint 6 - Trust & Launch,3,PWBD-L1-E11-08,PWBD-L1-E11
Epic,[L2] Advanced Discovery,[L2] Advanced Discovery,,Advanced Discovery. Level 2 growth-phase epic. Parked in backlog - do not start before 1.0 is live and a conversion baseline exists.,Low,level-2 backlog growth,2.0 - Growth (Backlog),,,PWBD-L2-E01,
Task,PWBD-L2-E01-01 | Faceted Search & Filtering,,[L2] Advanced Discovery,"Multi-select facets on attributes, price ranges, availability, with result counts.",Low,level-2 backlog growth,2.0 - Growth (Backlog),,,PWBD-L2-E01-01,PWBD-L2-E01
Task,PWBD-L2-E01-02 | Search Autocomplete & Suggestions,,[L2] Advanced Discovery,"Type-ahead product, category, and query suggestions.",Low,level-2 backlog growth,2.0 - Growth (Backlog),,,PWBD-L2-E01-02,PWBD-L2-E01
Task,PWBD-L2-E01-03 | Typo Tolerance & Synonyms,,[L2] Advanced Discovery,Fuzzy matching and a managed synonym dictionary so near-miss queries still convert.,Low,level-2 backlog growth,2.0 - Growth (Backlog),,,PWBD-L2-E01-03,PWBD-L2-E01
Task,PWBD-L2-E01-04 | Zero-Results Recovery,,[L2] Advanced Discovery,Fallback suggestions and popular products instead of a dead end.,Low,level-2 backlog growth,2.0 - Growth (Backlog),,,PWBD-L2-E01-04,PWBD-L2-E01
Task,PWBD-L2-E01-05 | Merchandising Sort Rules,,[L2] Advanced Discovery,Manual boost/bury and curated collection ordering for campaigns.,Low,level-2 backlog growth,2.0 - Growth (Backlog),,,PWBD-L2-E01-05,PWBD-L2-E01
Epic,[L2] Personalisation & Recommendations,[L2] Personalisation & Recommendations,,Personalisation & Recommendations. Level 2 growth-phase epic. Parked in backlog - do not start before 1.0 is live and a conversion baseline exists.,Low,level-2 backlog growth,2.0 - Growth (Backlog),,,PWBD-L2-E02,
Task,PWBD-L2-E02-01 | Related Products,,[L2] Personalisation & Recommendations,Rule- or co-purchase-based recommendations on the PDP.,Low,level-2 backlog growth,2.0 - Growth (Backlog),,,PWBD-L2-E02-01,PWBD-L2-E02
Task,PWBD-L2-E02-02 | Frequently Bought Together,,[L2] Personalisation & Recommendations,Basket-analysis bundles to lift average order value.,Low,level-2 backlog growth,2.0 - Growth (Backlog),,,PWBD-L2-E02-02,PWBD-L2-E02
Task,PWBD-L2-E02-03 | Recently Viewed,,[L2] Personalisation & Recommendations,Session and account-level browse history surfaced across the site.,Low,level-2 backlog growth,2.0 - Growth (Backlog),,,PWBD-L2-E02-03,PWBD-L2-E02
Task,PWBD-L2-E02-04 | Personalised Homepage Blocks,,[L2] Personalisation & Recommendations,Segment-based content and product rails.,Low,level-2 backlog growth,2.0 - Growth (Backlog),,,PWBD-L2-E02-04,PWBD-L2-E02
Epic,[L2] Conversion Engineering,[L2] Conversion Engineering,,Conversion Engineering. Level 2 growth-phase epic. Parked in backlog - do not start before 1.0 is live and a conversion baseline exists.,Low,level-2 backlog growth,2.0 - Growth (Backlog),,,PWBD-L2-E03,
Task,PWBD-L2-E03-01 | Express / One-Page Checkout,,[L2] Conversion Engineering,Compressed checkout with address autocomplete and minimal fields.,Low,level-2 backlog growth,2.0 - Growth (Backlog),,,PWBD-L2-E03-01,PWBD-L2-E03
Task,PWBD-L2-E03-02 | Digital Wallets,,[L2] Conversion Engineering,"Apple Pay, Google Pay, Shop Pay for one-tap mobile conversion.",Low,level-2 backlog growth,2.0 - Growth (Backlog),,,PWBD-L2-E03-02,PWBD-L2-E03
Task,PWBD-L2-E03-03 | Smart Defaults & Pre-filled Forms,,[L2] Conversion Engineering,"Pre-select the statistically likely option; 65-95% of users retain defaults, shifting effort from generative to evaluative.",Low,level-2 backlog growth,2.0 - Growth (Backlog),,,PWBD-L2-E03-03,PWBD-L2-E03
Task,PWBD-L2-E03-04 | Output-Driven CTA Labels,,[L2] Conversion Engineering,Replace generic labels with value-transparent states (e.g. '12 Results Waiting').,Low,level-2 backlog growth,2.0 - Growth (Backlog),,,PWBD-L2-E03-04,PWBD-L2-E03
Task,PWBD-L2-E03-05 | Choice Architecture / Curated Assortments,,[L2] Conversion Engineering,Limit initial option volume to reduce decision fatigue and choice overload.,Low,level-2 backlog growth,2.0 - Growth (Backlog),,,PWBD-L2-E03-05,PWBD-L2-E03
Task,PWBD-L2-E03-06 | Trust Badges & Security Signals,,[L2] Conversion Engineering,"Payment marks, guarantees, and return terms placed at decision points.",Low,level-2 backlog growth,2.0 - Growth (Backlog),,,PWBD-L2-E03-06,PWBD-L2-E03
Task,PWBD-L2-E03-07 | Reviews & Ratings,,[L2] Conversion Engineering,"Verified-purchase reviews, photo reviews, aggregate rating display.",Low,level-2 backlog growth,2.0 - Growth (Backlog),,,PWBD-L2-E03-07,PWBD-L2-E03
Task,PWBD-L2-E03-08 | Social Proof Widgets,,[L2] Conversion Engineering,"Recent purchase, stock scarcity, and popularity indicators (used honestly).",Low,level-2 backlog growth,2.0 - Growth (Backlog),,,PWBD-L2-E03-08,PWBD-L2-E03
Task,PWBD-L2-E03-09 | Exit-Intent & Re-engagement Offers,,[L2] Conversion Engineering,Contextual offer capture before abandonment.,Low,level-2 backlog growth,2.0 - Growth (Backlog),,,PWBD-L2-E03-09,PWBD-L2-E03
Task,PWBD-L2-E03-10 | Landing Page System,,[L2] Conversion Engineering,"Dedicated campaign pages; median LP conversion 4.02% vs 2.35% sitewide, top decile 11.45%.",Low,level-2 backlog growth,2.0 - Growth (Backlog),,,PWBD-L2-E03-10,PWBD-L2-E03
Epic,[L2] Promotions & Pricing,[L2] Promotions & Pricing,,Promotions & Pricing. Level 2 growth-phase epic. Parked in backlog - do not start before 1.0 is live and a conversion baseline exists.,Low,level-2 backlog growth,2.0 - Growth (Backlog),,,PWBD-L2-E04,
Task,PWBD-L2-E04-01 | Coupon & Discount Engine,,[L2] Promotions & Pricing,"Percentage, fixed, BOGO, free-shipping rules with stacking control.",Low,level-2 backlog growth,2.0 - Growth (Backlog),,,PWBD-L2-E04-01,PWBD-L2-E04
Task,PWBD-L2-E04-02 | Gift Cards & Store Credit,,[L2] Promotions & Pricing,"Issue, redeem, and track balances.",Low,level-2 backlog growth,2.0 - Growth (Backlog),,,PWBD-L2-E04-02,PWBD-L2-E04
Task,PWBD-L2-E04-03 | Product Bundles & Kits,,[L2] Promotions & Pricing,Sell grouped SKUs at a bundle price.,Low,level-2 backlog growth,2.0 - Growth (Backlog),,,PWBD-L2-E04-03,PWBD-L2-E04
Task,PWBD-L2-E04-04 | Tiered & Volume Pricing,,[L2] Promotions & Pricing,Quantity-break pricing rules.,Low,level-2 backlog growth,2.0 - Growth (Backlog),,,PWBD-L2-E04-04,PWBD-L2-E04
Task,PWBD-L2-E04-05 | Automatic Cart Promotions,,[L2] Promotions & Pricing,Threshold-triggered free shipping and gift-with-purchase.,Low,level-2 backlog growth,2.0 - Growth (Backlog),,,PWBD-L2-E04-05,PWBD-L2-E04
Epic,[L2] Customer Accounts & Retention,[L2] Customer Accounts & Retention,,Customer Accounts & Retention. Level 2 growth-phase epic. Parked in backlog - do not start before 1.0 is live and a conversion baseline exists.,Low,level-2 backlog growth,2.0 - Growth (Backlog),,,PWBD-L2-E05,
Task,PWBD-L2-E05-01 | Wishlists & Saved Items,,[L2] Customer Accounts & Retention,"Persistent lists, shareable, with price-drop notifications.",Low,level-2 backlog growth,2.0 - Growth (Backlog),,,PWBD-L2-E05-01,PWBD-L2-E05
Task,PWBD-L2-E05-02 | Saved Addresses & Payment Methods,,[L2] Customer Accounts & Retention,Vaulted tokens for repeat checkout speed.,Low,level-2 backlog growth,2.0 - Growth (Backlog),,,PWBD-L2-E05-02,PWBD-L2-E05
Task,PWBD-L2-E05-03 | Order History & Reorder,,[L2] Customer Accounts & Retention,Full history with one-click reorder.,Low,level-2 backlog growth,2.0 - Growth (Backlog),,,PWBD-L2-E05-03,PWBD-L2-E05
Task,PWBD-L2-E05-04 | Loyalty & Points Programme,,[L2] Customer Accounts & Retention,Earn/burn mechanics tied to orders and referrals.,Low,level-2 backlog growth,2.0 - Growth (Backlog),,,PWBD-L2-E05-04,PWBD-L2-E05
Task,PWBD-L2-E05-05 | Referral Programme,,[L2] Customer Accounts & Retention,Trackable share links with two-sided reward.,Low,level-2 backlog growth,2.0 - Growth (Backlog),,,PWBD-L2-E05-05,PWBD-L2-E05
Epic,[L2] Marketing Automation,[L2] Marketing Automation,,Marketing Automation. Level 2 growth-phase epic. Parked in backlog - do not start before 1.0 is live and a conversion baseline exists.,Low,level-2 backlog growth,2.0 - Growth (Backlog),,,PWBD-L2-E06,
Task,PWBD-L2-E06-01 | Abandoned Cart Recovery,,[L2] Marketing Automation,Timed email/SMS sequence with deep link back to the cart.,Low,level-2 backlog growth,2.0 - Growth (Backlog),,,PWBD-L2-E06-01,PWBD-L2-E06
Task,PWBD-L2-E06-02 | Email & SMS Lifecycle Campaigns,,[L2] Marketing Automation,"Welcome, post-purchase, win-back, replenishment flows.",Low,level-2 backlog growth,2.0 - Growth (Backlog),,,PWBD-L2-E06-02,PWBD-L2-E06
Task,PWBD-L2-E06-03 | Browse Abandonment,,[L2] Marketing Automation,Triggered follow-up on high-intent product views.,Low,level-2 backlog growth,2.0 - Growth (Backlog),,,PWBD-L2-E06-03,PWBD-L2-E06
Task,PWBD-L2-E06-04 | Affiliate Programme Basics,,[L2] Marketing Automation,"Partner links, attribution, and commission reporting.",Low,level-2 backlog growth,2.0 - Growth (Backlog),,,PWBD-L2-E06-04,PWBD-L2-E06
Task,PWBD-L2-E06-05 | Back-in-Stock Notifications,,[L2] Marketing Automation,Capture demand on out-of-stock SKUs.,Low,level-2 backlog growth,2.0 - Growth (Backlog),,,PWBD-L2-E06-05,PWBD-L2-E06
Epic,"[L2] Content, SEO & AEO","[L2] Content, SEO & AEO",,"Content, SEO & AEO. Level 2 growth-phase epic. Parked in backlog - do not start before 1.0 is live and a conversion baseline exists.",Low,level-2 backlog growth,2.0 - Growth (Backlog),,,PWBD-L2-E07,
Task,PWBD-L2-E07-01 | CMS / Blog Engine,,"[L2] Content, SEO & AEO",Editorial content managed without deploys.,Low,level-2 backlog growth,2.0 - Growth (Backlog),,,PWBD-L2-E07-01,PWBD-L2-E07
Task,PWBD-L2-E07-02 | Structured Data & Schema.org,,"[L2] Content, SEO & AEO","Product, Offer, Review, Breadcrumb, FAQ markup.",Low,level-2 backlog growth,2.0 - Growth (Backlog),,,PWBD-L2-E07-02,PWBD-L2-E07
Task,PWBD-L2-E07-03 | XML Sitemap & Canonical Management,,"[L2] Content, SEO & AEO",Clean indexation controls for large catalogs.,Low,level-2 backlog growth,2.0 - Growth (Backlog),,,PWBD-L2-E07-03,PWBD-L2-E07
Task,PWBD-L2-E07-04 | Answer Engine Optimisation (AEO),,"[L2] Content, SEO & AEO",Semantic HTML and llms.txt so AI search engines can parse and cite the brand; offsets falling organic CTR from zero-click AI Overviews.,Low,level-2 backlog growth,2.0 - Growth (Backlog),,,PWBD-L2-E07-04,PWBD-L2-E07
Task,PWBD-L2-E07-05 | Redirect & URL Management,,"[L2] Content, SEO & AEO",Managed 301s to protect equity through catalog changes.,Low,level-2 backlog growth,2.0 - Growth (Backlog),,,PWBD-L2-E07-05,PWBD-L2-E07
Epic,[L2] Performance Engineering,[L2] Performance Engineering,,Performance Engineering. Level 2 growth-phase epic. Parked in backlog - do not start before 1.0 is live and a conversion baseline exists.,Low,level-2 backlog growth,2.0 - Growth (Backlog),,,PWBD-L2-E08,
Task,PWBD-L2-E08-01 | CDN & Edge Caching,,[L2] Performance Engineering,Global asset and page caching.,Low,level-2 backlog growth,2.0 - Growth (Backlog),,,PWBD-L2-E08-01,PWBD-L2-E08
Task,PWBD-L2-E08-02 | Image Optimisation & Lazy Loading,,[L2] Performance Engineering,"Responsive formats, WebP/AVIF, deferred offscreen loads.",Low,level-2 backlog growth,2.0 - Growth (Backlog),,,PWBD-L2-E08-02,PWBD-L2-E08
Task,PWBD-L2-E08-03 | Core Web Vitals Budget,,[L2] Performance Engineering,Enforced LCP/INP/CLS thresholds in CI.,Low,level-2 backlog growth,2.0 - Growth (Backlog),,,PWBD-L2-E08-03,PWBD-L2-E08
Task,PWBD-L2-E08-04 | Script Bundling & Third-Party Governance,,[L2] Performance Engineering,Bundle splitting and a tag budget to stop marketing scripts degrading checkout.,Low,level-2 backlog growth,2.0 - Growth (Backlog),,,PWBD-L2-E08-04,PWBD-L2-E08
Epic,[L2] Payments & Tax Maturity,[L2] Payments & Tax Maturity,,Payments & Tax Maturity. Level 2 growth-phase epic. Parked in backlog - do not start before 1.0 is live and a conversion baseline exists.,Low,level-2 backlog growth,2.0 - Growth (Backlog),,,PWBD-L2-E09,
Task,PWBD-L2-E09-01 | Multiple Payment Gateways,,[L2] Payments & Tax Maturity,Redundancy plus regional method coverage.,Low,level-2 backlog growth,2.0 - Growth (Backlog),,,PWBD-L2-E09-01,PWBD-L2-E09
Task,PWBD-L2-E09-02 | Buy Now Pay Later,,[L2] Payments & Tax Maturity,"Klarna, Afterpay, Affirm integration.",Low,level-2 backlog growth,2.0 - Growth (Backlog),,,PWBD-L2-E09-02,PWBD-L2-E09
Task,PWBD-L2-E09-03 | Subscriptions & Recurring Billing,,[L2] Payments & Tax Maturity,"Plans, dunning, pause/skip management.",Low,level-2 backlog growth,2.0 - Growth (Backlog),,,PWBD-L2-E09-03,PWBD-L2-E09
Task,PWBD-L2-E09-04 | Automated Tax Calculation,,[L2] Payments & Tax Maturity,Jurisdiction-accurate sales tax/VAT via a tax service.,Low,level-2 backlog growth,2.0 - Growth (Backlog),,,PWBD-L2-E09-04,PWBD-L2-E09
Task,PWBD-L2-E09-05 | Refunds & Partial Refunds,,[L2] Payments & Tax Maturity,Self-service admin refund flows tied to the gateway.,Low,level-2 backlog growth,2.0 - Growth (Backlog),,,PWBD-L2-E09-05,PWBD-L2-E09
Epic,[L2] Inventory & Operations,[L2] Inventory & Operations,,Inventory & Operations. Level 2 growth-phase epic. Parked in backlog - do not start before 1.0 is live and a conversion baseline exists.,Low,level-2 backlog growth,2.0 - Growth (Backlog),,,PWBD-L2-E10,
Task,PWBD-L2-E10-01 | Low-Stock Alerts & Reorder Points,,[L2] Inventory & Operations,Operational thresholds with notifications.,Low,level-2 backlog growth,2.0 - Growth (Backlog),,,PWBD-L2-E10-01,PWBD-L2-E10
Task,PWBD-L2-E10-02 | Multi-Warehouse Basics,,[L2] Inventory & Operations,Stock by location with simple routing rules.,Low,level-2 backlog growth,2.0 - Growth (Backlog),,,PWBD-L2-E10-02,PWBD-L2-E10
Task,PWBD-L2-E10-03 | Returns / RMA Workflow,,[L2] Inventory & Operations,"Customer-initiated returns, labels, and status tracking.",Low,level-2 backlog growth,2.0 - Growth (Backlog),,,PWBD-L2-E10-03,PWBD-L2-E10
Task,PWBD-L2-E10-04 | Purchase Orders & Supplier Records,,[L2] Inventory & Operations,Inbound stock tracking.,Low,level-2 backlog growth,2.0 - Growth (Backlog),,,PWBD-L2-E10-04,PWBD-L2-E10
Task,PWBD-L2-E10-05 | Bulk Import / Export,,[L2] Inventory & Operations,CSV catalog and inventory operations.,Low,level-2 backlog growth,2.0 - Growth (Backlog),,,PWBD-L2-E10-05,PWBD-L2-E10
Epic,[L2] Customer Service,[L2] Customer Service,,Customer Service. Level 2 growth-phase epic. Parked in backlog - do not start before 1.0 is live and a conversion baseline exists.,Low,level-2 backlog growth,2.0 - Growth (Backlog),,,PWBD-L2-E11,
Task,PWBD-L2-E11-01 | Live Chat,,[L2] Customer Service,Real-time chat with routing and offline capture.,Low,level-2 backlog growth,2.0 - Growth (Backlog),,,PWBD-L2-E11-01,PWBD-L2-E11
Task,PWBD-L2-E11-02 | Help Centre / FAQ,,[L2] Customer Service,Searchable self-service knowledge base.,Low,level-2 backlog growth,2.0 - Growth (Backlog),,,PWBD-L2-E11-02,PWBD-L2-E11
Task,PWBD-L2-E11-03 | Ticketing & Shared Inbox,,[L2] Customer Service,Threaded support with SLAs.,Low,level-2 backlog growth,2.0 - Growth (Backlog),,,PWBD-L2-E11-03,PWBD-L2-E11
Task,PWBD-L2-E11-04 | Order Tracking Page,,[L2] Customer Service,Carrier-aware self-service tracking.,Low,level-2 backlog growth,2.0 - Growth (Backlog),,,PWBD-L2-E11-04,PWBD-L2-E11
Epic,"[L2] Security, Privacy & Accessibility","[L2] Security, Privacy & Accessibility",,"Security, Privacy & Accessibility. Level 2 growth-phase epic. Parked in backlog - do not start before 1.0 is live and a conversion baseline exists.",Low,level-2 backlog growth,2.0 - Growth (Backlog),,,PWBD-L2-E12,
Task,PWBD-L2-E12-01 | Two-Factor Authentication,,"[L2] Security, Privacy & Accessibility",TOTP or SMS second factor for customer and admin accounts.,Low,level-2 backlog growth,2.0 - Growth (Backlog),,,PWBD-L2-E12-01,PWBD-L2-E12
Task,PWBD-L2-E12-02 | Fraud Screening,,"[L2] Security, Privacy & Accessibility",Rules plus gateway risk scoring on high-risk orders.,Low,level-2 backlog growth,2.0 - Growth (Backlog),,,PWBD-L2-E12-02,PWBD-L2-E12
Task,PWBD-L2-E12-03 | Consent Management (GDPR/CCPA),,"[L2] Security, Privacy & Accessibility","Granular cookie/consent capture, data access and erasure request handling.",Low,level-2 backlog growth,2.0 - Growth (Backlog),,,PWBD-L2-E12-03,PWBD-L2-E12
Task,PWBD-L2-E12-04 | WCAG 2.1 AA Accessibility,,"[L2] Security, Privacy & Accessibility","Contrast, keyboard navigation, target sizes, screen reader support.",Low,level-2 backlog growth,2.0 - Growth (Backlog),,,PWBD-L2-E12-04,PWBD-L2-E12
Task,PWBD-L2-E12-05 | Rate Limiting & Bot Protection,,"[L2] Security, Privacy & Accessibility","Protect login, checkout, and search endpoints.",Low,level-2 backlog growth,2.0 - Growth (Backlog),,,PWBD-L2-E12-05,PWBD-L2-E12
Epic,[L2] Analytics & Experimentation,[L2] Analytics & Experimentation,,Analytics & Experimentation. Level 2 growth-phase epic. Parked in backlog - do not start before 1.0 is live and a conversion baseline exists.,Low,level-2 backlog growth,2.0 - Growth (Backlog),,,PWBD-L2-E13,
Task,PWBD-L2-E13-01 | Event & Funnel Tracking,,[L2] Analytics & Experimentation,Full commerce event schema from view to purchase.,Low,level-2 backlog growth,2.0 - Growth (Backlog),,,PWBD-L2-E13-01,PWBD-L2-E13
Task,PWBD-L2-E13-02 | A/B Testing Framework,,[L2] Analytics & Experimentation,Server- or edge-side experimentation with guardrail metrics.,Low,level-2 backlog growth,2.0 - Growth (Backlog),,,PWBD-L2-E13-02,PWBD-L2-E13
Task,PWBD-L2-E13-03 | Heatmaps & Session Replay,,[L2] Analytics & Experimentation,Qualitative diagnosis of friction points.,Low,level-2 backlog growth,2.0 - Growth (Backlog),,,PWBD-L2-E13-03,PWBD-L2-E13
Task,PWBD-L2-E13-04 | Cohort & LTV Dashboards,,[L2] Analytics & Experimentation,Retention and unit-economics reporting.,Low,level-2 backlog growth,2.0 - Growth (Backlog),,,PWBD-L2-E13-04,PWBD-L2-E13
Task,PWBD-L2-E13-05 | Attribution Reporting,,[L2] Analytics & Experimentation,Channel-level ROAS with post-click alignment.,Low,level-2 backlog growth,2.0 - Growth (Backlog),,,PWBD-L2-E13-05,PWBD-L2-E13
Epic,[L2] Mobile Experience,[L2] Mobile Experience,,Mobile Experience. Level 2 growth-phase epic. Parked in backlog - do not start before 1.0 is live and a conversion baseline exists.,Low,level-2 backlog growth,2.0 - Growth (Backlog),,,PWBD-L2-E14,
Task,PWBD-L2-E14-01 | Progressive Web App,,[L2] Mobile Experience,"Installable, offline-tolerant storefront shell.",Low,level-2 backlog growth,2.0 - Growth (Backlog),,,PWBD-L2-E14-01,PWBD-L2-E14
Task,PWBD-L2-E14-02 | Push Notifications,,[L2] Mobile Experience,"Web push for price drops, back-in-stock, and order updates.",Low,level-2 backlog growth,2.0 - Growth (Backlog),,,PWBD-L2-E14-02,PWBD-L2-E14
